token_id,token_type,value,description
color.bg,Color,#0B0B0D,"Primary background"
color.surface,Color,#141419,"Panels and HUD containers"
color.text.primary,Color,#FFFFFF,"Primary text on dark"
color.text.muted,Color,#B7BCC4,"Secondary text"
color.accent,Color,#4FC3F7,"Accent/UI focus"
color.success,Color,#23D160,"Positive (e.g., negative delta faster)"
color.warning,Color,#FFB020,"Caution"
color.error,Color,#FF5D5D,"Penalties/track limits"
color.drs.active,Color,#15FF88,"DRS active indicator"
opacity.hud.dim,Opacity,0.75,"Dimmed HUD chrome"
space.xs,Spacing,4,"4px"
space.sm,Spacing,8,"8px"
space.md,Spacing,12,"12px"
space.lg,Spacing,16,"16px"
radius.md,Radius,12,"HUD chip corners"
type.family.sans,Font,"Inter, Roboto, 'Segoe UI', Arial, sans-serif","Default UI font stack"
type.size.hud,FontSize,28,"HUD numbers (speed/gear)"
type.size.body,FontSize,16,"Default text"
elevation.hud,Shadow,"0 8px 24px rgba(0,0,0,0.4)","HUD shadow"
anim.fast,Duration,120ms,"Quick taps/toasts"
anim.medium,Duration,240ms,"Modal/menus"
