{
  "name": "Spa-Francorchamps",
  "length": 7004,
  "sectors": [
    2300,
    4700,
    7004
  ],
  "points": [
    {
      "x": 0,
      "y": 0
    },
    {
      "x": 200,
      "y": -40
    },
    {
      "x": 400,
      "y": -120
    },
    {
      "x": 520,
      "y": -260
    },
    {
      "x": 720,
      "y": -360
    },
    {
      "x": 900,
      "y": -380
    },
    {
      "x": 1120,
      "y": -300
    },
    {
      "x": 1320,
      "y": -180
    },
    {
      "x": 1400,
      "y": -20
    },
    {
      "x": 1500,
      "y": 140
    },
    {
      "x": 1600,
      "y": 280
    },
    {
      "x": 1700,
      "y": 460
    },
    {
      "x": 1560,
      "y": 560
    },
    {
      "x": 1360,
      "y": 620
    },
    {
      "x": 1160,
      "y": 620
    },
    {
      "x": 960,
      "y": 560
    },
    {
      "x": 800,
      "y": 460
    },
    {
      "x": 680,
      "y": 320
    },
    {
      "x": 560,
      "y": 160
    },
    {
      "x": 420,
      "y": 40
    },
    {
      "x": 240,
      "y": 0
    },
    {
      "x": 0,
      "y": 0
    }
  ]
}