screen_id,screen_name,component_id,component_name,component_type,aria_role,a11y_label,state,x,y,width,height,z_index,visible,data_binding,copy_text,interaction,shortcut,asset_ref,notes
MAIN,Main Menu,BTN_START,Start Button,button,button,"Start Time Trial",default,640,520,280,72,10,true,,"Start",onClick:navigate(RACE),Enter,,Primary action
MAIN,Main Menu,BTN_SETTINGS,Settings Button,button,button,"Open Settings",default,640,610,280,64,10,true,,"Settings",onClick:navigate(SETTINGS),S,,Secondary action
MAIN,Main Menu,CAROUSEL_TRACK,Track Selector,carousel,region,"Select Track",default,200,280,880,180,5,true,track.id,,"onChange:set(RACE.trackId)",Left/Right,art/tracks_spa.png,Default to Spa
SETTINGS,Settings,PANEL_SETTINGS,Settings Panel,container,region,"Settings Panel",default,220,140,880,620,5,true,,"",onMount:readPrefs()->populate(),,,
SETTINGS,Settings,TOGGLE_ASSISTS,Assists Toggle,toggle,switch,"Driving Assists",checked,260,220,340,48,6,true,prefs.assistsEnabled,,"onToggle:update(prefs.assistsEnabled)",,,
SETTINGS,Settings,SLIDER_FOV,Camera FOV Slider,slider,slider,"Camera Field of View",default,260,300,540,48,6,true,prefs.cameraFov,,"onChange:updateFOV(value)",,,
RACE,Race HUD,HUD_SPEED,Speed Readout,text,status,"Speed in km/h",default,860,920,160,56,20,true,telemetry.speedKph,"",onUpdate:bind(telemetry.speedKph),,,
RACE,Race HUD,HUD_GEAR,Gear Readout,text,status,"Current Gear",default,1040,920,120,56,20,true,telemetry.gear,"",onUpdate:bind(telemetry.gear),,,
RACE,Race HUD,HUD_LAP,Lap Counter,text,status,"Lap Counter",default,60,920,160,56,20,true,race.lapText,"Lap {race.currentLap}/5",onUpdate:bind(race.currentLap),,,
RACE,Race HUD,HUD_SECTOR_DELTA,Delta vs PB,text,status,"Time Delta to Personal Best",faster,60,860,260,48,20,true,timing.deltaMs,"{timing.deltaFmt}",onUpdate:colorBySign(deltaMs),,,"Color: green<0, red>0"
RACE,Race HUD,ICON_DRS,DRS Indicator,icon,status,"DRS Available",inactive,1220,860,80,80,21,true,race.drsActive,"",onUpdate:setState(active|inactive),,ui/drs_light.png,Turn green when active
RACE,Race HUD,BANNER_PENALTY,Track Limits Banner,banner,alert,"Track Limits Warning",hidden,420,80,640,64,50,false,penalty.active,"TRACK LIMITS: +0.5s",onShow:autoHide(2s),,,
RACE,Race HUD,START_LIGHTS,Start Lights,animation,status,"Race Start Lights",countdown,520,120,400,120,40,true,race.startPhase,"",onState:sequence(5->0)->raceStart,,ui/start_lights.webm,Fade out on green
RACE,Race HUD,MINIMAP,Track Minimap,canvas,img,"Track Minimap",default,40,40,300,180,10,true,telemetry.position,"",onUpdate:drawCarDot(),,art/spa_minimap.svg,Centerline + player dot
RACE,Race HUD,PAUSE_BUTTON,Pause Button,button,button,"Pause",default,1200,40,100,48,30,true,,"⏸",onClick:pause()->open(PAUSE),Esc,,Always visible
PAUSE,Pause Menu,PANEL_PAUSE,Pause Panel,modal,dialog,"Pause Menu",open,460,200,520,420,100,true,,"",onOpen:freezeSimulation(),,,
PAUSE,Pause Menu,BTN_RESUME,Resume Button,button,button,"Resume",default,520,320,400,64,110,true,,"Resume",onClick:close(PAUSE)->resume(),R,,Primary
PAUSE,Pause Menu,BTN_RESTART,Restart Button,button,button,"Restart Race",default,520,396,400,64,110,true,,"Restart",onClick:confirm('Restart?')->restartRace(),,,Include confirm to avoid accidental restarts
PAUSE,Pause Menu,BTN_EXIT,Exit to Menu Button,button,button,"Exit to Main Menu",default,520,472,400,64,110,true,,"Exit",onClick:navigate(MAIN)->unloadSession(),,,Back to MAIN
RESULTS,Results Screen,PANEL_RESULTS,Results Panel,container,region,"Results Panel",default,360,160,760,640,80,true,,"",onMount:renderResults(),,,
RESULTS,Results Screen,TABLE_LAPS,Lap Times Table,table,table,"Lap Times",default,380,220,720,360,90,true,timing.laps,"",onUpdate:bind(timing.laps),,,
RESULTS,Results Screen,LABEL_PB,Personal Best Label,text,status,"Personal Best",default,380,600,320,48,90,true,timing.pbLap,"PB: {timing.pbFmt}",,,,
RESULTS,Results Screen,BTN_SAVE_REPLAY,Save Replay Button,button,button,"Save Replay",default,760,720,160,56,90,true,,"Save Replay",onClick:saveReplay(),,,Disabled if no buffer
RACE,Race HUD,TOAST_SYSTEM,System Toast,toast,alert,"System Message",hidden,600,560,560,48,200,false,toast.message,"{toast.message}",onShow:autoHide(3s),,,
